<?xml version="1.0"?>
<imagedirection_list>
  <imagedirection recording-id="WE5EFVEE" recording-date="2022-08-18T11:16:38.92Z" viewing-direction="-7.611458877689235" />
  <imagedirection recording-id="WE5EFWCG" recording-date="2022-08-17T09:25:31.38Z" viewing-direction="-61.491111781647035" />
  <imagedirection recording-id="WE5EFWCF" recording-date="2022-08-17T09:25:30.62Z" viewing-direction="-80.45058604197331" />
  <imagedirection recording-id="WE5EFVEF" recording-date="2022-08-18T11:16:39.97Z" viewing-direction="28.11324415138448" />
  <imagedirection recording-id="WE5EFWCH" recording-date="2022-08-17T09:25:32.11Z" viewing-direction="-38.56235453985826" />
  <imagedirection recording-id="WE5EFWCE" recording-date="2022-08-17T09:25:29.88Z" viewing-direction="-93.91005911796167" />
  <imagedirection recording-id="WE5EFVEG" recording-date="2022-08-18T11:16:40.94Z" viewing-direction="47.45611810009698" />
  <imagedirection recording-id="WE5EFWCI" recording-date="2022-08-17T09:25:32.79Z" viewing-direction="-17.767065766589806" />
  <imagedirection recording-id="WE5EFWCD" recording-date="2022-08-17T09:25:29.13Z" viewing-direction="-103.06330750245024" />
  <imagedirection recording-id="WE5EFVEH" recording-date="2022-08-18T11:16:41.93Z" viewing-direction="57.78018756555107" />
  <imagedirection recording-id="WE5EFWCJ" recording-date="2022-08-17T09:25:33.46Z" viewing-direction="-2.671279298048861" />
  <imagedirection recording-id="WE5EFWCC" recording-date="2022-08-17T09:25:28.34Z" viewing-direction="-109.37109845499842" />
  <imagedirection recording-id="WE5EFVEI" recording-date="2022-08-18T11:16:42.85Z" viewing-direction="64.00332319539488" />
  <imagedirection recording-id="WE5EFWCK" recording-date="2022-08-17T09:25:34.13Z" viewing-direction="7.482152596783145" />
  <imagedirection recording-id="WE5EFWCB" recording-date="2022-08-17T09:25:27.47Z" viewing-direction="-113.9189142891781" />
  <imagedirection recording-id="WE5EFVPA" recording-date="2022-08-18T11:24:42.76Z" viewing-direction="70.311601981078" />
  <imagedirection recording-id="WE5EFVPB" recording-date="2022-08-18T11:24:44.51Z" viewing-direction="77.73907352941757" />
  <imagedirection recording-id="WE5EFVPC" recording-date="2022-08-18T11:24:45.71Z" viewing-direction="84.45662124278182" />
  <imagedirection recording-id="WE5EFVPD" recording-date="2022-08-18T11:24:46.65Z" viewing-direction="90.42885190861004" />
  <imagedirection recording-id="WE5EFVEJ" recording-date="2022-08-18T11:16:43.65Z" viewing-direction="67.14411035552507" />
  <imagedirection recording-id="WE5EFWCL" recording-date="2022-08-17T09:25:34.82Z" viewing-direction="14.241806700494184" />
  <imagedirection recording-id="WE5EFWCA" recording-date="2022-08-17T09:25:26.67Z" viewing-direction="-117.1750945468099" />
</imagedirection_list>