<?xml version="1.0"?>
<imagedirection_list>
  <imagedirection recording-id="WE5EFVAU" recording-date="2022-08-18T11:13:05.14Z" viewing-direction="148.35908140322485" />
  <imagedirection recording-id="WE5EFVAT" recording-date="2022-08-18T11:13:03.27Z" viewing-direction="172.31343044787283" />
  <imagedirection recording-id="WE5EFVAV" recording-date="2022-08-18T11:13:07.72Z" viewing-direction="129.68134197359257" />
  <imagedirection recording-id="WE5EFVAS" recording-date="2022-08-18T11:13:01.5Z" viewing-direction="-164.72686566517132" />
  <imagedirection recording-id="WE5EFVAW" recording-date="2022-08-18T11:13:09.57Z" viewing-direction="117.18838027025521" />
  <imagedirection recording-id="WE5EFVAR" recording-date="2022-08-18T11:12:59.39Z" viewing-direction="-148.10600677420223" />
  <imagedirection recording-id="WE5EFVAX" recording-date="2022-08-18T11:13:11.04Z" viewing-direction="109.03874056967923" />
  <imagedirection recording-id="WE5EFVN5" recording-date="2022-08-18T11:23:02.58Z" viewing-direction="-23.251763086028348" />
  <imagedirection recording-id="WE5EFVN6" recording-date="2022-08-18T11:23:03.27Z" viewing-direction="-39.75424676302121" />
  <imagedirection recording-id="WE5EFVN4" recording-date="2022-08-18T11:23:01.88Z" viewing-direction="-4.740476855463196" />
  <imagedirection recording-id="WE5EFVN7" recording-date="2022-08-18T11:23:03.98Z" viewing-direction="-52.47476776226834" />
  <imagedirection recording-id="WE5EFVAQ" recording-date="2022-08-18T11:12:55.87Z" viewing-direction="-137.211415561214" />
  <imagedirection recording-id="WE5EFVN3" recording-date="2022-08-18T11:23:01.17Z" viewing-direction="12.380971965489667" />
  <imagedirection recording-id="WE5EFVAY" recording-date="2022-08-18T11:13:12.37Z" viewing-direction="103.50012440094392" />
  <imagedirection recording-id="WE5EFVN8" recording-date="2022-08-18T11:23:04.71Z" viewing-direction="-61.692285339877195" />
  <imagedirection recording-id="WE5EFVAP" recording-date="2022-08-18T11:12:48.46Z" viewing-direction="-131.85356059378822" />
  <imagedirection recording-id="WE5EFVN2" recording-date="2022-08-18T11:23:00.41Z" viewing-direction="25.948915909883713" />
  <imagedirection recording-id="WE5EFVN9" recording-date="2022-08-18T11:23:05.5Z" viewing-direction="-68.34701058204425" />
</imagedirection_list>