<?xml version="1.0"?>
<imagedirection_list>
  <imagedirection recording-id="WE5EFVDA" recording-date="2022-08-18T11:15:19.88Z" viewing-direction="-10.004588681451368" />
  <imagedirection recording-id="WE5EFVDB" recording-date="2022-08-18T11:15:21.01Z" viewing-direction="-58.352204545591796" />
  <imagedirection recording-id="WE5EFVD9" recording-date="2022-08-18T11:15:18.81Z" viewing-direction="34.491042403646894" />
  <imagedirection recording-id="WE5EFVDC" recording-date="2022-08-18T11:15:22.62Z" viewing-direction="-77.35911508977988" />
  <imagedirection recording-id="WE5EFVQ2" recording-date="2022-08-18T11:25:09.88Z" viewing-direction="-104.18826607707325" />
  <imagedirection recording-id="WE5EFVD8" recording-date="2022-08-18T11:15:17.82Z" viewing-direction="52.17164857882306" />
  <imagedirection recording-id="WE5EFVQ3" recording-date="2022-08-18T11:25:10.77Z" viewing-direction="-119.70098606289831" />
  <imagedirection recording-id="WE5EFVDD" recording-date="2022-08-18T11:15:24.25Z" viewing-direction="-85.4241998983896" />
  <imagedirection recording-id="WE5EFVQ0" recording-date="2022-08-18T11:25:07.88Z" viewing-direction="-80.28184683282035" />
  <imagedirection recording-id="WE5EFVQ4" recording-date="2022-08-18T11:25:11.68Z" viewing-direction="-135.1466060748072" />
  <imagedirection recording-id="WE5EFVD7" recording-date="2022-08-18T11:15:16.86Z" viewing-direction="60.18378970084196" />
  <imagedirection recording-id="WE5EFVDE" recording-date="2022-08-18T11:15:25.5Z" viewing-direction="-89.57084279754389" />
  <imagedirection recording-id="WE5EFVPZ" recording-date="2022-08-18T11:25:06.65Z" viewing-direction="-72.45262345899944" />
  <imagedirection recording-id="WE5EFVQ5" recording-date="2022-08-18T11:25:12.66Z" viewing-direction="-148.55652040116263" />
  <imagedirection recording-id="WE5EFVD6" recording-date="2022-08-18T11:15:15.9Z" viewing-direction="64.3714828584062" />
  <imagedirection recording-id="WE5EFVPY" recording-date="2022-08-18T11:25:05.56Z" viewing-direction="-66.44612352699546" />
  <imagedirection recording-id="WE5EFVDF" recording-date="2022-08-18T11:15:26.46Z" viewing-direction="-92.06819283325343" />
  <imagedirection recording-id="WE5EFVQ6" recording-date="2022-08-18T11:25:13.77Z" viewing-direction="-159.16294414445107" />
  <imagedirection recording-id="WE5EFVD5" recording-date="2022-08-18T11:15:14.94Z" viewing-direction="67.14171539064272" />
  <imagedirection recording-id="WE5EFVPX" recording-date="2022-08-18T11:25:04.54Z" viewing-direction="-61.560552794255784" />
  <imagedirection recording-id="WE5EFVQ7" recording-date="2022-08-18T11:25:15Z" viewing-direction="-167.2208012704021" />
  <imagedirection recording-id="WE5EFVDG" recording-date="2022-08-18T11:15:27.25Z" viewing-direction="-93.79258869101012" />
</imagedirection_list>