<?xml version="1.0"?>
<imagedirection_list>
  <imagedirection recording-id="WE5EKZJU" recording-date="2022-08-18T10:35:43.04Z" viewing-direction="129.78704696689164" />
  <imagedirection recording-id="WE5EKZJV" recording-date="2022-08-18T10:35:44.07Z" viewing-direction="158.3716424632644" />
  <imagedirection recording-id="WE5EKZJT" recording-date="2022-08-18T10:35:42.06Z" viewing-direction="112.14493980554853" />
  <imagedirection recording-id="WE5EKZJW" recording-date="2022-08-18T10:35:45.13Z" viewing-direction="-170.4558711625504" />
  <imagedirection recording-id="WE5EKZJS" recording-date="2022-08-18T10:35:41.05Z" viewing-direction="102.00058912037922" />
  <imagedirection recording-id="WE5EKZJX" recording-date="2022-08-18T10:35:46.2Z" viewing-direction="-148.4538963642448" />
  <imagedirection recording-id="WE5EKZKB" recording-date="2022-08-18T10:37:03.5Z" viewing-direction="147.87986061275402" />
  <imagedirection recording-id="WE5EFV82" recording-date="2022-08-18T11:10:38.55Z" viewing-direction="-66.87509641275237" />
  <imagedirection recording-id="WE5EFV81" recording-date="2022-08-18T11:10:37.55Z" viewing-direction="-77.3850379134681" />
  <imagedirection recording-id="WE5EFV83" recording-date="2022-08-18T11:10:39.6Z" viewing-direction="-54.89381147950778" />
  <imagedirection recording-id="WE5EKZKC" recording-date="2022-08-18T10:37:03.99Z" viewing-direction="131.42185985181857" />
  <imagedirection recording-id="WE5EFV80" recording-date="2022-08-18T11:10:36.21Z" viewing-direction="-86.11768734612853" />
  <imagedirection recording-id="WE5EKZJY" recording-date="2022-08-18T10:35:47.28Z" viewing-direction="-134.73389043402406" />
  <imagedirection recording-id="WE5EKZJR" recording-date="2022-08-18T10:35:39.96Z" viewing-direction="95.8961126123123" />
  <imagedirection recording-id="WE5EFVZJ" recording-date="2022-08-18T11:35:58.95Z" viewing-direction="-143.86667379283384" />
  <imagedirection recording-id="WE5EFV84" recording-date="2022-08-18T11:10:40.8Z" viewing-direction="-42.3542308885153" />
  <imagedirection recording-id="WE5EFV7Z" recording-date="2022-08-18T11:10:34.69Z" viewing-direction="-93.11924669613578" />
  <imagedirection recording-id="WE5EKZKD" recording-date="2022-08-18T10:37:04.48Z" viewing-direction="120.79198196945599" />
  <imagedirection recording-id="WE5EKZJZ" recording-date="2022-08-18T10:35:48.4Z" viewing-direction="-125.08317000363203" />
  <imagedirection recording-id="WE5EFV85" recording-date="2022-08-18T11:10:42.36Z" viewing-direction="-30.137920437961288" />
  <imagedirection recording-id="WE5EKZJQ" recording-date="2022-08-18T10:35:38.73Z" viewing-direction="92.32195358941094" />
  <imagedirection recording-id="WE5EFV7Y" recording-date="2022-08-18T11:10:33.21Z" viewing-direction="-99.06895828616582" />
  <imagedirection recording-id="WE5EKZKE" recording-date="2022-08-18T10:37:04.99Z" viewing-direction="113.74244122145853" />
  <imagedirection recording-id="WE5EFVZK" recording-date="2022-08-18T11:36:00.11Z" viewing-direction="-146.8911158084668" />
  <imagedirection recording-id="WE5EKZK0" recording-date="2022-08-18T10:35:49.63Z" viewing-direction="-117.60430966289478" />
  <imagedirection recording-id="WE4UR9DI" recording-date="2022-06-07T08:35:02.07Z" viewing-direction="-110.8871258473102" />
  <imagedirection recording-id="WE5EKZKA" recording-date="2022-08-18T10:37:00.84Z" viewing-direction="-129.91028331878397" />
  <imagedirection recording-id="WE5EFV86" recording-date="2022-08-18T11:10:43.99Z" viewing-direction="-19.319274975612355" />
  <imagedirection recording-id="WE5EFV7X" recording-date="2022-08-18T11:10:31.75Z" viewing-direction="-104.3478179703946" />
</imagedirection_list>